123,,,channel/UCoVwNOgVJA6lYxIiMsCwc123,,,channel/Ug
123,,,channel/UCsEapAtvyEXx_3WYlCHNpyA
123,,,channel/UCNk123,,,channel/UoBd9RHa5S1H3p6xod0g
123,,,channel/UCLMl3o123,,,channel/UXclsZiX-7I8NVwgA
123,,,channel/UCpHTAE2EOwWkWGnW2HY8gRw
123,,,channel/UCF4Wxdo3inmxP-Y59wXDsFw
123,,,channel/UCasng-SJd4Wl_NLDbZDR2bg
123,,,channel/UCJ842123,,,channel/U123,,,channel/U2Iftwe123,,,channel/UYAMDGwKqA
123,,,channel/UCGSc1XrotG0w0tdc4KOEQTA
123,,,channel/UC6x41swVZP3rEmy-ODxLMFA
123,,,channel/UCJHlVK_71moyqcVmpaX8IIg
123,,,channel/UCyH9Q1eW11Qi_0RtEVKq1rg
123,,,channel/UCtAShkOgXP8KlZZlVJiaPJQ
123,,,channel/UCLcQPIx04ZPW9zkm123,,,channel/U2mozpg
123,,,channel/UCXm0bpjlfB0AF-ZdPhT0K1A
123,,,channel/UC3FAoTkjypzAvHgcB2Z123,,,channel/UEHQ
123,,,channel/UC5G8kYCkee_wBN0T-v-AqlQ
123,,,channel/UCzMoibQRslh_1bT123,,,channel/UW0YXc6A
123,,,channel/UCn7Yt8dG3123,,,channel/UvI1L8Y3KFFT2Q
123,,,channel/UCeF5sxjXSdWq80n3RA9gBpw
123,,,channel/UC5TOFhyb_LxL2VG_Zenhpzw
